,Year,Date,Country,City,Deaths,Type,More info,More Info,Date (YYYY-MM-DD),Place,"Perpetrator,actual or suspected",Source/Article,Perpetrator/Suspected perpetrator,Article/Source
0,2020,April 28,Syria,Afrin,53,truck bomb,Main article: 2020 Afrin bombing,,,,,,,
1,2021,March 5,Somalia,Mogadishu,21,car bomb,Main article: March 2021 Mogadishu bombing,,,,,,,
2,,April 21,Pakistan,Quetta,5,car bomb,Main article: Quetta Serena Hotel bombing,,,,,,,
3,,May 8,Afghanistan,Kabul,90,car bomb,Main article: 2021 Kabul school bombing,,,,,,,
4,,September 25,Somalia,Mogadishu,8,car bomb,,,,,,,,
5,,October 6,Syria,Al-Bab,18,truck bomb,[citation needed],,,,,,,
6,,October 10,Yemen,Aden,6,car bomb,,,,,,,,
7,,November 25,Somalia,Mogadishu,8,SUV bomb,Main article: November 2021 Mogadishu bombing,,,,,,,
8,,December 20,Afghanistan,Kabul,9,car bomb,[1][2],,,,,,,
0,2019,January 17,Colombia,Bogotá,21,suicide car bomb,,Main article: 2019 Bogotá car bombing,,,,,,
1,,January 21,Afghanistan,Maidan Shar,126,car bomb,,Main article: Maidan Shar attack,,,,,,
2,,February 14,India,Pulwama,40+,car bomb,,Main article: 2019 Pulwama attack,,,,,,
3,2018,January 27,Afghanistan,Kabul,103+,bomb in ambulance,,Main article: Kabul ambulance bombing,,,,,,
4,2017,October 14,Somalia,Mogadishu,587,truck bomb,,Main article: 14 October 2017 Mogadishu bombings,,,,,,
5,,May 31,Afghanistan,Kabul,90+,car bomb,,Main article: May 2017 Kabul attack,,,,,,
6,,April 15,Syria,Aleppo,126+,car bomb,,Main article: 2017 Aleppo suicide car bombing,,,,,,
7,,November 24,Iraq,Hillah,125,truck bomb,,Main article: November 2016 Hillah suicide truck bombing,,,,,,
8,,July 3,Iraq,Baghdad,323+,truck bomb,,Main article: 2016 Karrada bombing,,,,,,
9,,July 3,Iraq,Baghdad,5,car bomb,,Main article: 2016 Karrada bombing,,,,,,
10,,May 17,Iraq,Baghdad,30,car bomb,,Main article: May 2016 Baghdad bombings,,,,,,
11,,May 17,Iraq,Baghdad,6,car bomb,,Main article: May 2016 Baghdad bombings,,,,,,
12,,May 17,Iraq,Baghdad,8,car bomb,,Main article: May 2016 Baghdad bombings,,,,,,
13,2016,January 11,Iraq,Baghdad,12,car bomb,,Main article: January 2016 Iraq attacks,,,,,,
14,,October 3,Syria,Aleppo,40,three suicide car bombs,,Main article: October 2012 Aleppo bombings,,,,,,
15,,September 9,Syria,Aleppo,30,car bomb,,[3],,,,,,
16,,July 31,Iraq,Baghdad,21,two car bombs,,[4],,,,,,
17,,July 23,Iraq,13 cities,116,"suicide bombs, car bombs, shootings",,Main article: 23 July 2012 Iraq attacks,,,,,,
18,,June 13,Iraq,"Baghdad, 6 other cities",93,"suicide car bombs, shootings",,Main article: 13 June 2012 Iraq attacks,,,,,,
19,,May 19,Syria,Deir ez-Zor,9,car bomb,,Main article: 2012 Deir ez-Zor bombing,,,,,,
20,,May 10,Syria,Damascus,55,suicide car bombs,,Main article: 10 May 2012 Damascus bombings,,,,,,
21,,April 30,Syria,Idlib,20,car bombs,,Main article: April 2012 Idlib bombings,,,,,,
22,,April 8,Nigeria,Kaduna,38,suicide car bombs,,Main article: April 2012 Kaduna bombings,,,,,,
23,,March 31,Thailand,YalaHat Yai,16,car and trucks bombs,,Main article: 2012 Southern Thailand bombings,,,,,,
24,,March 20,Iraq,"Baghdad, 9 other cities",52,"car bombs, suicide car bombs, shootings",,Main article: 20 March 2012 Iraq attacks,,,,,,
25,,March 17,Syria,Damascus,27,two car bombs,,Main article: March 2012 Damascus bombings,,,,,,
26,,February 23,Iraq,"Baghdad, 14 other cities",83,"suicide car bombs, shootings",,Main article: 23 February 2012 Iraq attacks,,,,,,
27,,February 10,Syria,Aleppo,28,suicide car bombs,,Main article: 2012 Aleppo bombings,,,,,,
28,,January 27,Iraq,Baghdad,32,suicide car bomb,,Main article: 27 January 2012 Baghdad bombing,,,,,,
29,,January 10,Pakistan,Jamrud,30,car bomb,,Main article: 2012 Khyber Agency bombing,,,,,,
30,2012,January 5,Iraq,BaghdadNasiriyah,73,"suicide car/motorcycle bombs, shootings",,Main article: 5 January 2012 Iraq bombings,,,,,,
31,,December 23,Syria,Damascus,44,suicide car bombs,,Main article: 2011 Damascus bombings,,,,,,
32,,December 22,Iraq,Baghdad,60–72,suicide car bombs,,Main article: 22 December 2011 Baghdad bombings,,,,,,
33,,September 25,Iraq,Karbala,25,"car bomb, suicide bombings",,Main article: 2011 Karbala bombing,,,,,,
34,,October 7–13,Iraq,Baghdad,64,"car bombs, suicide bombs, IEDs, shootings",,Main article: October 2011 Baghdad bombings,,,,,,
35,,August 16,Nigeria,Abuja,21,suicide car bomb,,Main article: 2011 Abuja United Nations bombing,,,,,,
36,,July 22,Norway,Oslo,8,van bomb,,Main article: 2011 Norway attacks,,,,,,
37,,June 25,Afghanistan,Logar Province,20–35,suicide car bomb,,Main article: 2011 Logar province bombing,,,,,,
38,,June 16,Nigeria,Abuja,2–6,suicide car bomb,,Main article: 2011 Abuja police headquarters bombing,,,,,,
39,,May 26,China,"Fuzhou, Jiangxi",3,suicide car bombs,,"Main article: 2011 Fuzhou, Jiangxi bombings",,,,,,
40,,May 13,Pakistan,Charsadda District,98,suicide car bombs,,Main article: 2011 Charsadda bombing,,,,,,
41,,May 5,Iraq,Al Hillah,24,suicide car bomb,,Main article: 2011 Al Hillah bombing,,,,,,
42,,March 9,Pakistan,Peshawar,40,suicide car bomb,,Main article: March 2011 Peshawar bombing,,,,,,
43,,March 8,Pakistan,Faisalabad,25,car bomb,,Main article: 2011 Faisalabad bombing,,,,,,
44,,January 27,Iraq,Baghdad,48,car bomb,,Main article: 27 January 2011 Baghdad bombing,,,,,,
45,,January 24,Iraq,BaghdadKarbala,27,July 22,,Main article: 24 January 2011 Iraq bombings,,,,,,
46,2011,January 18–20,Iraq,"Baqubah, Karbala, Tikrit",137,"car bombs, suicide car bombs, shooting",,Main article: January 2011 Iraq suicide attacks,,,,,,
47,,December 6,Pakistan,Ghalanai,50,suicide car bombs,,Main article: December 2010 Mohmand Agency bombings,,,,,,
48,,November 11,Pakistan,Karachi,18,"suicide car bombs, grenades, shootings",,Main article: Pakistan CID building attack,,,,,,
49,,November 2,Iraq,Baghdad,57–62,"car bombs, roadside bombs",,Main article: November 2010 Baghdad bomb attacks,,,,,,
50,,October 1,Nigeria,Abuja,12,two car bombs,,Main article: October 2010 Abuja attacks,,,,,,
51,,September 19,Iraq,Baghdad,31,"car bombs, remote bomb",,Main article: 19 September 2010 Baghdad bombings,,,,,,
52,,August 17,Iraq,Baghdad,69,"truck bomb, suicide bomb",,Main article: 17 August 2010 Baghdad bombings,,,,,,
53,,June 20,Iraq,Baghdad,26,two suicide car bombs,,Main article: 20 June 2010 Baghdad bombings,,,,,,
54,,May 10,Iraq,"Baghdad, 8 other cities.",100,"suicide car bombs, shootings",,Main article: 10 May 2010 Iraq attacks,,,,,,
55,,April 23–24,Iraq,Baghdad,85,car bombs,,Main article: April 2010 Baghdad bombings,,,,,,
56,,April 5,Pakistan,Peshawar,50,suicide car bombs,,Main article: 2010 Peshawar bombings,,,,,,
57,,April 4,Iraq,Baghdad,42,car bombs,,Main article: 4 April 2010 Baghdad bombings,,,,,,
58,,March 18,Afghanistan,Kabul,18,suicide car bomb,,Main article: May 2010 Kabul bombing,,,,,,
59,,March 12,Pakistan,Lahore,72,suicide car bombs,,Main article: March 2010 Lahore bombings,,,,,,
60,,March 3,Iraq,Baqubah,33,suicide car bombs,,Main article: 2010 Baqubah bombings,,,,,,
61,,February 10,Pakistan,Khyber Agency,19,suicide car bomb,,Main article: February 2010 Khyber bombing,,,,,,
62,,January 25,Iraq,Baghdad,41,three suicide car bombs,,Main article: 25 January 2010 Baghdad bombings,,,,,,
63,2010,January 1,Pakistan,Shah Hasan Khel,105,suicide car bomb,,Main article: 2010 Lakki Marwat suicide bombing,,,,,,
0,,December 18,Pakistan,Timergara,12,suicide car bomb,Main article: December 2009 Lower Dir mosque bombing,,,,,,,
1,,December15,Pakistan,Dera Ghazi Khan,33,car bomb,Main article: 2009 Dera Ghazi Khan bombing,,,,,,,
2,,December8,Iraq,Baghdad,127,suicide car bombs,Main article: 8 December 2009 Baghdad bombings,,,,,,,
3,,November 19,Pakistan,Peshawar,10,car bomb,Main article: 2009 Peshawar judicial complex bombing,,,,,,,
4,,November 2,Pakistan,Rawalpindi,35,motorcycle bomb,Main article: November 2009 Rawalpindi bombing,,,,,,,
5,,October 28,Pakistan,"Peshawar, North-West Frontier Province",92,car bomb,Main article: 28 October 2009 Peshawar bombing,,,,,,,
6,,October 25,Iraq,Baghdad,155,car bombs (2),Main article: 25 October 2009 Baghdad bombings,,,,,,,
7,,October  12,Pakistan,"Shangla District, Swat Valley",41,suicide car bomb against military vehicle,Main article: 2009 in Pakistan,,,,,,,
8,,October  11,Iraq,"Ramadi, Al Anbar Governorate",26,"coordinated car bombs (3), including one suicide car bomb",Main article: 2009 in Iraq,,,,,,,
9,,October 9,Pakistan,"Peshawar, North-West Frontier Province",48,car bomb,Main article: 9 October 2009 Peshawar bombing,,,,,,,
10,,October  8,Afghanistan,Kabul,17,suicide car bomb,Main article: 2009 Kabul Indian embassy attack,,,,,,,
11,,September 17,Somalia,Mogadishu,21,car bombs (2),Main article: 2009 African Union base bombing in Mogadishu,,,,,,,
12,,August 25,Afghanistan,Kandahar,43,car bomb,Main article: 25 August 2009 Kandahar bombing,,,,,,,
13,,August 15,Afghanistan,Kabul,7,"suicide car bomb, attempted assassination",Main article: 2009 NATO Afghanistan headquarters bombing,,,,,,,
14,,August 19,Iraq,Baghdad,101,car and truck bombs,Main article: 19 August 2009 Baghdad bombings,,,,,,,
15,,"July4–5, 7",Philippines,Mindanao,8,"bombs, car bomb",Main article: July 2009 Mindanao bombings,,,,,,,
16,,June 30,Iraq,Kirkuk,40,suicide car bomb,Main article: 2009 Kirkuk bombing,,,,,,,
17,,June 24,Iraq,Baghdad,65,motorcycle bomb,,,,,,,,
18,,June 20,Iraq,Taza,80,truck bomb,Main article: 20 June 2009 Taza bombing,,,,,,,
19,,June 18,Somalia,Beledweyne,35,car bomb,,,,,,,,
20,,June 10,Iraq,Al Batha,30,car bomb,,,,,,,,
21,,June 9,Pakistan,Peshawar,17,car bomb,Main article: Pearl Continental hotel bombing,,,,,,,
22,,May 27,Pakistan,Lahore,30,"car bomb, shooting",Main article: 2009 Lahore bombing,,,,,,,
23,,May 20,Iraq,Baghdad,38,car bomb,,,,,,,,
24,,April 29,Iraq,Baghdad,52,car bombs (2),Main article: 23 April 2009 Iraqi suicide attacks,,,,,,,
25,,April 6,Iraq,Baghdad,37,car bombs (6),Main article: 6 April 2009 Baghdad bombings,,,,,,,
26,,Feb. 22,Somalia,Mogadishu,11,car bomb,Main article: 2009 African Union base bombing in Mogadishu,,,,,,,
27,2009,Jan. 24,Somalia,Mogadishu,15,car bomb,,,,,,,,
28,,Dec. 28,Pakistan,Buner District,36,car bomb,[5],,,,,,,
29,,Dec. 5,Pakistan,Peshawar,29,car bomb,Main article: 5 December 2008 Peshawar bombing,,,,,,,
30,,Nov. 6,Pakistan,Bajaur Agency,22,car bomb,[6],,,,,,,
31,,Oct. 29,Somalia,Bosaso and Hargeisa,30,car bombs (5),Main article: October 2008 Hargeisa–Bosaso bombings,,,,,,,
32,,Oct. 10,Pakistan,Orakzai Agency,110,car bomb,Main article: 10 October 2008 Orakzai bombing,,,,,,,
33,,September 29,Lebanon,Tripoli,7,car bomb,"Main article: 2008 Tripoli, Lebanon bombing",,,,,,,
34,,September 28,Iraq,Baghdad,32,"bombs, car bombs",Main article: 28 September 2008 Baghdad bombings,,,,,,,
35,,September 27,Syria,Damascus,17,car bomb,Main article: 2008 Damascus car bombing,,,,,,,
36,,September 20,Pakistan,Islamabad,60,truck bomb,Main article: Islamabad Marriott Hotel bombing,,,,,,,
37,,September 12,Iraq,Dujail,32,car bomb,Main article: 2008 Dujail bombing,,,,,,,
38,,September 6,Pakistan,20 km from Peshawar,30,car bomb,Main article: September 2008 Peshawar bombing,,,,,,,
39,,Aug. 23,Pakistan,Swat,20,suicide car bomb,Main article: 2008 Swat Valley bombing,,,,,,,
40,,Aug. 19,Algeria,Issers,44,car bomb,Main article: 2008 Issers bombing,,,,,,,
41,,July 7,Afghanistan,Kabul,58,car bomb,Main article: 2008 Indian Embassy bombing in Kabul,,,,,,,
42,,June 17,Iraq,Baghdad,65,car bomb,Main article: 17 June 2008 Baghdad bombing,,,,,,,
43,,June 2,Pakistan,Islamabad,6–8,car bomb,Main article: 2008 Danish embassy bombing,,,,,,,
44,,May 2,Yemen,Sa'dah,15,car bomb,Main article: 2008 Bin Salman Mosque bombing,,,,,,,
45,,April 15,Iraq,Baquba,53,car bomb,,,,,,,,
46,,Feb.18,Afghanistan,Spin Boldak,38,suicide car bomb,Main article: Spin Boldak bombing,,,,,,,
47,,Feb.16,Pakistan,Parachinar,47,car bomb,"Main article: 2008 Parachinar bombing
The attack left at least 47 people dead and 150 injured",,,,,,,
48,2008,Feb. 10,Iraq,Balad,33,car bomb,Main article: 2008 Balad bombing,,,,,,,
49,,Dec. 13,Iraq,Amarah,46,3 car bombs,Main article: 2007 Al Amarah bombings,,,,,,,
50,,Dec. 12,Iraq,Amarah,46,car bombs (3),,,,,,,,
51,,Dec. 11,Algeria,Algiers,31,suicide car bombs (2),"Main article: December 11, 2007 Algiers bombings",,,,,,,
52,,Dec. 9,Pakistan,"Matta, Swat District,",10,car bomb,[7],,,,,,,
53,,Nov. 24,Pakistan,Rawalpindi,35,car bombs (2),.[8],,,,,,,
54,,September 8,Algeria,Dellys,30,car bomb,Main article: 2007 Dellys bombing,,,,,,,
55,,Aug. 14,Iraq,Yazidi compounds in Kahtaniya,796,truck bombs (4),Main article: 2007 Yazidi communities bombings,,,,,,,
56,,Aug. 1,Iraq,Baghdad,74,"truck bomb, car bombs (2)",Main article: 1 August 2007 Baghdad bombings,,,,,,,
57,,July 26,Iraq,Baghdad,92,car bomb,Main article: 26 July 2007 Baghdad market bombing,,,,,,,
58,,July 25,Iraq,Baghdad,50,car bombs (2),,,,,,,,
59,,July 19,Iraq,Baghdad,87,car bomb,Main article: 2007 al-Khilani Mosque bombing,,,,,,,
60,,July 19,Pakistan,Hub,30,car bomb,,,,,,,,
61,,July 16,Iraq,Kirkuk,86,car bombs (3),Main article: 2007 Kirkuk bombings,,,,,,,
62,,July 15,Pakistan,"Matta, Swat District,",17,car bomb (2),11 policeofficers among the dead. 47 wounded.[9],,,,,,,
63,,July 14,Pakistan,Miranshah,23,car bomb,At least 23 paramilitary troops died and 27 others injured [10],,,,,,,
64,,July 7,Iraq,Armili,156,truck bomb,Main article: 2007 Amirli bombing,,,,,,,
65,,June 19,Iraq,Baghdad,75,car bomb,Main article: Al-Khilani Mosque bombing,,,,,,,
66,,June 17,Afghanistan,Kabul,35,car bomb,,,,,,,,
67,,May 13,Iraq,Makhmour,50,suicide truck bomb,Main article: 2007 Makhmour bombing,,,,,,,
68,,May 6,Iraq,Baghdad,35,car bomb,,,,,,,,
69,,April 28,Iraq,Karbala,68,car bomb,Main article: Imam Abbas Mosque bombing,,,,,,,
70,,April 18,Iraq,Baghdad,198,car bombs (4),Main article: 18 April 2007 Baghdad bombings,,,,,,,
71,,April 14,Iraq,Karbala,65,car bomb,Main article: Imam Hussein Mosque bombing,,,,,,,
72,,April 11,Algeria,Algiers,33,car bombs (2),Main article: 11 April 2007 Algiers bombings,,,,,,,
73,,March 29,Iraq,Khalis,47,car bombs (3),,,,,,,,
74,,March 27,Iraq,Tal Afar,152,truck bombs (2),Main article: 2007 Tal Afar bombings,,,,,,,
75,,Feb. 18,Iraq,Baghdad,62,car bombs (2),Main article: 18 February 2007 Baghdad bombings,,,,,,,
76,,Feb. 14,Iran,Zahedan,18,car bomb,Main article: 2007 Zahedan bombings,,,,,,,
77,,Feb. 12,Iraq,Baghdad,79,car bombs (3),Main article: 12 February 2007 Baghdad bombings,,,,,,,
78,,Feb. 3,Iraq,Baghdad,135,truck bomb,Main article: 3 February 2007 Baghdad market bombing,,,,,,,
79,,Jan. 22,Iraq,Baghdad,88,car bombs (2),Main article: 22 January 2007 Baghdad bombings,,,,,,,
80,2007,Jan. 16,Iraq,Baghdad,70,"suicide car bombs, school bombings",Main article: Mustansiriya University bombings,,,,,,,
81,,December 30,Spain,Madrid,2,van bomb,Main article: 2006 Madrid-Barajas Airport bombing,,,,,,,
82,,Dec. 12,Iraq,Baghdad,71,"minibus bomb, car bomb",,,,,,,,
83,,Dec. 2,Iraq,Baghdad,51,car bombs (3),,,,,,,,
84,,Nov. 23,Iraq,Sadr City,215,car bombs (6),Main article: 23 November 2006 Sadr City bombings,,,,,,,
85,,Oct. 16,Sri Lanka,Digampathana,100,truck bomb,Main article: 2006 Digampathana truck bombing,,,,,,,
86,,Aug. 3,Afghanistan,Panjwayi,21,car bomb,,,,,,,,
87,,July 1,Iraq,Sadr City,66,car bomb,Main article: 1 July 2006 Sadr City bombing,,,,,,,
88,2006,March 12,Iraq,Sadr City,58,car bombs (2),,,,,,,,
89,,Nov. 19,Iraq,Abu Sayda,50,car bomb,,,,,,,,
90,,Nov. 18,Iraq,Khanaqin,74,suicide car bombs,Main article: 2005 Khanaqin bombings,,,,,,,
91,,September 29,Iraq,Balad,102,car bombs (3),Main article: 2005 Balad bombings,,,,,,,
92,,September 14,Iraq,Baghdad,114,car bomb,Main article: 14 September 2005 Baghdad bombing,,,,,,,
93,,Aug. 17,Iraq,Baghdad,43,car bombs (3),Main article: 17 August 2005 Baghdad bombings,,,,,,,
94,,July 23,Egypt,Sharm el-Sheikh,88,car bombs (2),Main article: 2005 Sharm el-Sheikh attacks,,,,,,,
95,,July 16,Iraq,Mussayib,98,truck bomb,Main article: 2005 Musayyib bombing,,,,,,,
96,,Feb. 28,Iraq,Hilla,125,car bomb,Main article: 2005 Al Hillah bombing,,,,,,,
97,2005,Feb. 14,Lebanon,Beirut,22,truck bomb,,,,,,,,
98,,Dec. 19,Iraq,Karbala and Najaf,67,car bombs (2),,,,,,,,
99,,Oct. 7,Egypt,"Hilton Taba, Taba",31,truck bomb,,,,,,,,
100,,Oct. 7,Pakistan,Multan,40,car bomb,,,,,,,,
101,,September 30,Iraq,Baghdad,41,car bombs (3),Main article: 30 September 2004 Baghdad bombing,,,,,,,
102,,September 14,Iraq,"Police station, Baghdad",47,car bomb,Main article: 14 September 2004 Baghdad bombing,,,,,,,
103,,September 9,Indonesia,"Australian Embassy, Jakarta",9,van bomb,Main article: 2004 Jakarta embassy bombing,,,,,,,
104,,July 28,Iraq,"Police station, Baquba",68,suicide car bomb,Main article: 2004 Baqubah bombing,,,,,,,
105,,June 24,Iraq,"Police stations, Mosul",62,car bombs (5),,,,,,,,
106,,June 18,Iraq,Baghdad,35,suicide car bomb,Main article: June 2004 Baghdad bombing,,,,,,,
107,,June 17,Iraq,"Iraqi army recruitment center, Baghdad",35,car bomb,,,,,,,,
108,,May 15,Iraq,Mosul,62,car bombs,Main article: 2004 Mosul bombings,,,,,,,
109,,May 13,Iraq,"Karbala, Najaf",67,suicide car bombs,Main article: 2004 Karbala Najaf bombings,,,,,,,
110,,April 21,Iraq,"Police stations, Basra",74,car bombs (4),Main article: 21 April 2004 Basra bombings,,,,,,,
111,,Feb. 11,Iraq,"Iraqi Army facility, Baghdad",47,car bomb,,,,,,,,
112,,Feb. 10,Iraq,"Police Station, Iskandariya",53,truck bomb,,,,,,,,
113,2004,Jan. 18,Iraq,"Coalition Headquarters, Baghdad",31,truck bomb,,,,,,,,
114,,Dec. 27,Iraq,"Coalition targets, Karbala",19,car bombs (4),Main article: 2003 Karbala bombings,,,,,,,
115,,Dec. 25,Pakistan,Rawalpindi,14,truck bombs,Targeted Pervez Musharraf,,,,,,,
116,,Nov. 20,Turkey,"British targets, Istanbul",32,truck bombs,Main article: 2003 Istanbul Bombings,,,,,,,
117,,Nov. 15,Turkey,"Two synagogues, Istanbul",31,truck bombs,Main article: 2003 Istanbul Bombings,,,,,,,
118,,Nov. 12,Iraq,Italian Military HQ in Nasiriyah,33,truck bomb,Main article: 2003 Nasiriyah bombing,,,,,,,
119,,Nov. 8,Saudi Arabia,Riyadh,18,truck bomb,,,,,,,,
120,,Oct. 27,Iraq,Baghdad,35,car bombs (4),Main article: 27 October 2003 Baghdad bombings,,,,,,,
121,,Aug. 29,Iraq,"Imam Ali Mosque, Najaf",85,car bomb,Main article: Imam Ali Mosque bombing,,,,,,,
122,,Aug. 25,India,Mumbai,52,car bombs (2),Main article: 25 August 2003 Mumbai bombings,,,,,,,
123,,Aug. 19,Iraq,"United Nations Iraqi Headquarters, Baghdad",22,truck bomb,Main article: Canal Hotel bombing,,,,,,,
124,,Aug. 7,Iraq,"Jordanian Embassy, Baghdad",19,truck bomb,Main article: 2003 Jordanian embassy bombing in Baghdad,,,,,,,
125,,Aug. 5,Indonesia,Jakarta,12,car bomb,Main article: 2003 Marriott Hotel bombing,,,,,,,
126,,Aug. 1,Russia,"Mozdok, North Ossetia–Alania",50,truck bomb,,,,,,,,
127,,May 12,Saudi Arabia,Riyadh,35,car bombs (4),Main article: Riyadh compound bombings,,,,,,,
128,,May 12,Russia,"Znamenskoye, Chechnya",59,truck bomb,Main article: 2003 Znamenskoye suicide bombing,,,,,,,
129,2003,Feb. 7,Colombia,Bogotá,36,car bomb,Main article: 2003 El Nogal Club bombing,,,,,,,
130,,Dec. 27,Russia,"Government buildings, Grozny, Chechnya",72,truck bombs,Main article: 2002 Grozny suicide bombing,,,,,,,
131,,Nov. 28,Kenya,Hotel in Mombasa,13,car bomb,Main article: 2002 Mombasa attacks,,,,,,,
132,,Oct. 21,Israel,Bus near Hadera,14,car bomb,,,,,,,,
133,,Oct. 12,Indonesia,Bali,202,car bomb,Main article: 2002 Bali terrorist bombing,,,,,,,
134,,September 5,Afghanistan,Kabul,30,car bomb,Main article: 2002 Kabul bombing,,,,,,,
135,,June 14,Pakistan,"US consulate, Karachi",12,truck bomb,Main article: 2002 Karachi consulate attack,,,,,,,
136,,June 5,Israel,Megiddo Junction,17,car bomb,,,,,,,,
137,,May 8,Pakistan,Karachi,14,car bomb,Main article: 2002 Karachi bus bombing,,,,,,,
138,,April 11,Tunisia,"Synagogue, Djerba",21,truck bomb,Main article: Ghriba synagogue bombing,,,,,,,
139,,April 7,Colombia,Villavicencio,12,car bomb,,,,,,,,
140,2002,March 21,Peru,"U.S. Embassy, Lima",9,car bomb,Main article: 2002 Lima bombing,,,,,,,
141,,December 1,Israel,Jerusalem,11,suicide car bomb,Main article: Ben Yehuda Street bombings,,,,,,,
142,,Oct. 1,India,"Assembly Building, Srinagar, Jammu and Kashmir",38,car bomb,Main article: 2001 Jammu and Kashmir legislative assembly attack,,,,,,,
143,,June 19,Russia,"Gudermes, Chechnya",12,car bombs (3),,,,,,,,
144,2001,March 24,Russia,"Mineralnye Vody, Stavropol Krai",19,car bomb,,,,,,,,
145,,August 1,Indonesia,Central Jakarta,2,car bomb,Main article: 2000 Philippine consulate bombing,,,,,,,
146,2000,July 3,Russia,"Grozny, Chechnya",25,truck bomb,Main article: July 2000 Chechnya suicide bombings,,,,,,,
0,,September 4,Russia,"Russian military apartment, Buinaksk, Dagestan",64,car bomb,,Main article: Russian apartment bombings,,,,,,
1,1999,February 16,Uzbekistan,Tashkent,16,6 car bombs,,Main article: 1999 Tashkent bombings,,,,,,
2,,September 5,Russia,"Apartment, Makhachkala, Dagestan",17,car bomb,,Main article: Russian apartment bombings,,,,,,
3,,Aug. 15,United Kingdom,"Omagh, Northern Ireland",29,car bomb,,Main article: Omagh bombing,,,,,,
4,,Aug. 7,Kenya   Tanzania,Nairobi and Dar es Salaam,224,car bombs (2),,Main article: 1998 United States embassy bombings,,,,,,
5,,March 5,Sri Lanka,"Street, Colombo",36,mini-bus bomb,,,,,,,,
6,1998,February 14,India,Coimbatore,46,car bombs,,Main article: 1998 Coimbatore bombings,,,,,,
7,,Nov. 19,India,Hyderabad,23,car bomb,,,,,,,,
8,1997,Oct. 15,Sri Lanka,"World Trade Center, Colombo",18,truck bomb,,,,,,,,
9,,December 25,India,"Arai Mile, Dimapur, Nagaland",5,car bomb,,Main article: 1996 Dimapur car bombing,,,,,,
10,,June 25,Saudi Arabia,"Khobar Towers, Khobar (near Dhahran)",20,fuel truck bomb,,Main article: Khobar Towers bombing,,,,,,
11,,February 9,United Kingdom,"Docklands, London",2,truck bomb,,Main article: 1996 South Quay bombing,,,,,,
12,1996,Jan. 31,Sri Lanka,"Central Bank, Colombo",90,truck bomb,,Main article: Central Bank Bombing,,,,,,
13,,Dec. 21,Pakistan,Peshawar,45,car bomb,,,,,,,,
14,,Nov. 19,Pakistan,Egyptian embassy in Islamabad,15,truck bomb,,Main article: Attack on the Egyptian Embassy in Pakistan,,,,,,
15,,Nov. 13,Saudi Arabia,U.S. military headquarters in Riyadh,7,car bomb,,,,,,,,
16,,Feb. 27,Iraq,Zakho,76,car bomb,,[11],,,,,,
17,1995,Jan. 30,Algeria,Algiers,42,car bomb,,[12],,,,,,
18,,April 19,United States,"Federal building, Oklahoma City",168,truck bomb,,Main article: Oklahoma City bombing,,,,,,
19,,July 18,Argentina,"Jewish center, Buenos Aires",85,car bomb,,Main article: 1994 AMIA bombing,,,,,,
20,1994,April 6,Israel,Afula,8,car bomb,,Main article: Afula Bus suicide bombing,,,,,,
21,,June 21,Spain,Madrid,7,car bomb,,,,,,,,
22,,April 24,United Kingdom,London,1,truck bomb,,Main article: Bishopsgate bombing,,,,,,
23,,May27,Italy,"Uffizi Gallery, Florence",6,car bomb,,,,,,,,
24,,March 12,India,Mumbai,257,car bombs,,Main article: 1993 Bombay bombings,,,,,,
25,,Feb. 26,United States,"World Trade Center, New York City",6,truck bomb,,Main article: World Trade Center bombing,,,,,,
26,1993,Jan. 30,Colombia,Bogotá,20,car bomb,,[13],,,,,,
27,,July 16,Peru,Lima,24,car bombs (2),,Main article: Tarata bombing,,,,,,
28,,April 10,United Kingdom,"Baltic Exchange, London",3,truck bomb,,,,,,,,
29,1992,March 17,Argentina,"Israeli Embassy, Buenos Aires",29,car bomb,,Main article: 1992 Israeli Embassy attack in Buenos Aires,,,,,,
30,,May29,Spain,Vic,9,car bomb,,Main article: 1991 Vic bombing,,,,,,
31,1991,March 2,Sri Lanka,Colombo,19,remote control car bomb,,"Main article: Havelock Road Bombing, 1991",,,,,,
32,1990,May 12,Colombia,Bogotá and Cali,26,car bombs (2),,[14],,,,,,
0,,Dec.6,Colombia,Bogotá,52,truck bomb,Main article: DAS Building bombing,,,,,,,
1,,Nov. 22,Lebanon,Beirut,24,car bomb,,,,,,,,
2,1989,April 14,Sri Lanka,Trincomalee,38,car bomb,,,,,,,,
3,,July 8,Afghanistan,Jalalabad,31,truck bomb,[15],,,,,,,
4,,April 23,Lebanon,Tripoli,60,truck bomb,,,,,,,,
5,,April 14,Italy,"USO Club, Naples",5,car bomb,[16],,,,,,,
6,1988,Feb. 17,South Africa,"Oshakati, South-West Africa",27,car bomb,Main article: 1988 Oshakati bomb blast,,,,,,,
7,,Dec. 11,Spain,Zaragoza,11,car bomb,Main article: 1987 Zaragoza Barracks bombing,,,,,,,
8,,Oct. 8,Afghanistan,Kabul,27,car bomb,[17],,,,,,,
9,,July14,Pakistan,Karachi,72,car bombs (2),[18],,,,,,,
10,,July 5,Sri Lanka,"Army camp, Jaffna",40,truck bomb,Main article: Vallipuram Vasanthan,,,,,,,
11,,June19,Spain,Barcelona,21,car bomb,Main article: 1987 Hipercor bombing,,,,,,,
12,1987,April21,Sri Lanka,Colombo,106,car bomb,Main article: Central Bus Station Bombing,,,,,,,
13,,Aug. 19,Iran,Tehran,20,car bomb,[19],,,,,,,
14,,July14,Spain,Madrid,12,car bomb,Main article: Plaza República Dominicana bombing,,,,,,,
15,,March27,Australia,"Victoria Police HQ, Melbourne",1,car bomb,Main article: Russell Street Bombing,,,,,,,
16,1986,March17,Syria,"Military compound, Damascus",60,truck bomb,[20],,,,,,,
17,,Aug.17,Lebanon,"Market, Beirut",55,car bomb,,,,,,,,
18,,May 22,Lebanon,Beirut,50,car bomb,,,,,,,,
19,1985,March8,Lebanon,Beirut,80,car bomb,Main article: 1985 Beirut Car Bombing,,,,,,,
20,,Aug.8,West Germany,"Rhein-Main Air Base, Frankfurt",2,car bomb,Red Army Faction,,,,,,,
21,1984,September 20,Lebanon,U.S. embassy in Beirut,23,car bomb,,,,,,,,
22,,Dec. 21,Lebanon,"French Army building, Beirut",15,truck bomb,,,,,,,,
23,,Dec. 17,England,London,6,car bomb,Main article: Harrods bombing,,,,,,,
24,,Dec. 12,Kuwait,"U.S. and French embassies, Kuwait City",6,truck bombs,Main article: 1983 Kuwait bombings,,,,,,,
25,,Nov. 4,Lebanon,"Israeli Army HQ, Tyre",60,truck bomb,Main article: Tyre headquarters bombings,,,,,,,
26,,Oct. 23,Lebanon,"United States Marines and French Paratroop barracks, Beirut",305,truck bombs,Main article: 1983 Beirut barracks bombing,,,,,,,
27,,May20,South Africa,"Church Street, Pretoria",20,car bomb,Main article: Church Street bombing,,,,,,,
28,,April18,Lebanon,"U.S. Embassy, Beirut",63,car bomb,Main article: April 1983 US Embassy bombing,,,,,,,
29,1983,Jan. 28,Lebanon,"Palestine Liberation Organisation building, Beirut",45,car bomb,,,,,,,,
30,,Nov. 11,Lebanon,"Israeli military HQ, Tyre",102,car bomb,Main article: Tyre headquarters bombings,,,,,,,
31,,Oct. 1,Iran,"Central Square, Tehran",60,truck bomb,[21],,,,,,,
32,,Aug.1,Iraq,Baghdad,20,car bomb,[22],,,,,,,
33,,July20,United Kingdom,"Hyde Park parade, London",4,car bomb,Main article: Hyde Park and Regent's Park bombings,,,,,,,
34,1982,May24,Lebanon,"French embassy, Beirut",14,car bomb,[23],,,,,,,
35,,Dec.15,Lebanon,"Iraqi embassy, Beirut",61,car bomb,[24],,,,,,,
36,,Nov.29,Syria,Damascus,64,car bomb,[25],,,,,,,
37,1981,Oct. 1,Lebanon,"Palestine Liberation Organisation office, Beirut",83,car bomb,Mossad[26],,,,,,,
0,,,Lebanon,,8,car bomb,,,1979-01-22,"Beirut, Lebanon",Mossad,Ali Hassan Salameh,,
1,,,United Kingdom,,2,car bomb,,,1978-02-08,"Maghera, Northern Ireland",Provisional IRA,[27],,
2,,,United Kingdom,,2,car bomb,,,1977-04-20,"Belfast, Northern Ireland",Ulster Volunteer Force,[28],,
3,,,United States,,2,car bomb,,,1976-08-21,"Washington, D.C.",DINA,Washington D.C. bombing,,
4,,,United Kingdom,,2,car bomb,,,1976-08-16,"Keady, Northern Ireland",Ulster Volunteer Force,[29][30],,
5,,,United Kingdom,,4,car bomb,,,1976-03-17,"Dungannon, Northern Ireland",Ulster Volunteer Force,[29],,
6,,,Ireland,,2,car bomb,,,1975-12-19,Dundalk,Ulster Volunteer Force,[28],,
7,,,Ireland,,33,car bombs (4),,,1974-05-17,DublinMonaghan,Ulster Volunteer Force,Dublin and Monaghan bombings,,
8,,,United Kingdom,,2,car bomb,,,1974-01-11,"Derry, Northern Ireland",Official IRA,[31],,
9,,,United Kingdom,,6,car bomb,,,1973-06-12,"Coleraine, Northern Ireland",Provisional IRA,1973 Coleraine bombings[32],,
10,,,United Kingdom,,5,car bomb,,,1973-05-17,"Omagh, Northern Ireland",Provisional IRA,[32],,
11,,,United Kingdom,,2,car bomb,,,1973-01-14,"Derry, Northern Ireland",Provisional IRA,[32],,
12,,,Ireland,,2,car bomb,,,1972-12-28,Belturbet,Ulster Volunteer Force,[31][33],,
13,,,Ireland,,2,car bombs (2),,,1972-12-01,Dublin,Ulster Volunteer Force,[31],,
14,,,United Kingdom,,2,car bomb,,,1972-10-31,"Belfast, Northern Ireland",Ulster Defence Association,Benny's Bar bombing,,
15,,,United Kingdom,,2,car bomb,,,1972-09-30,"Belfast, Northern Ireland",Ulster Volunteer Force,[31],,
16,,,United Kingdom,,3,car bomb,,,1972-09-14,"Belfast, Northern Ireland",Ulster Volunteer Force,[31],,
17,,,United Kingdom,,2,car bomb,,,1972-08-26,"Enniskillen, Northern Ireland",Provisional IRA,[31],,
18,,,United Kingdom,,9,car bombs (3),,,1972-07-31,"Claudy, Northern Ireland",,Claudy bombing,,
19,,,United Kingdom,,9,car bombs (22),,,1972-07-21,"Belfast, Northern Ireland",Provisional IRA,Bloody Friday (1972),,
20,,,West Germany,,3,car bomb,,,1972-05-24,"United States Army base, Heidelberg",Red Army Faction,List of attacks attributed to the RAF,,
21,,,West Germany,,1,car bomb,,,1972-05-11,"United States Army base, Frankfurt",Red Army Faction,List of attacks attributed to the RAF,,
22,,,United Kingdom,,7,car bomb,,,1972-03-20,"Belfast, Northern Ireland",Provisional IRA,1972 Donegall Street bombing,,
23,,,United Kingdom,,2,car bomb,,,1972-03-15,"Belfast, Northern Ireland",Provisional IRA,[31],,
24,,,United Kingdom,,7,car bomb,,,1972-02-22,"British Army base, Aldershot, England",Official IRA,Aldershot bombing (1972),,
25,,,United States,,1,truck bomb,,,1970-08-24,"University of Wisconsin–Madison, Madison, Wisconsin","Karleton Armstrong, Dwight Armstrong, David Fine, Leo Burt",Sterling Hall bombing,,
0,,,South Vietnam,,21,car bomb,,,1965-03-30,"US Embassy, Saigon",,,,[34]
1,,,Algeria,,62,car bomb,,,1962-05-02,Algiers,,,,[35]
2,,,British Mandate for Palestine,,11,car bomb,,,1948-03-11,"Jewish Agency, Jerusalem",,,,
3,,,British Mandate for Palestine,,14,truck bomb,,,1948-03-02,"Office building, Haifa",,,,
4,,,British Mandate for Palestine,,52–80,truck bombs (2),,,1948-02-22,"Ben Yehuda Street, Jerusalem",,,,Ben Yehuda Street Bombing
5,,,British Mandate for Palestine,,18,truck bomb,,,1948-01-04,Jaffa,,,,
6,,,British Mandate for Palestine,,5,truck bomb,,,1947-04-25,"Sarona police compound, Tel Aviv",,,,
7,,,British Mandate for Palestine,,4,truck bomb,,,1947-01-12,Haifa,,,,
8,,,United States,,39,suicide car bomb,,,1927-05-18,"Bath Township, Michigan",,,Andrew Kehoe,Bath School disaster
9,,,United States,,38,wagon bomb,,,1920-09-16,"Wall Street, New York City",,,,Wall Street bombing
